{
  "timestamp": "20250729_203548",
  "ticker": "SPY",
  "best_weight": 0.041,
  "best_error": 2.6316900000085102e-05,
  "training_data": {
    "actual_price": 637.0,
    "starting_price": 636.5,
    "strikes_count": 15
  },
  "error_log": [
    [
      0.001,
      636.54021,
      0.2114068440999983
    ],
    [
      0.002,
      636.50622,
      0.24381868840001503
    ],
    [
      0.003,
      636.52946,
      0.2214078916000265
    ],
    [
      0.004,
      636.45984,
      0.29177282560001555
    ],
    [
      0.005,
      636.61075,
      0.15151556249995893
    ],
    [
      0.006,
      636.54362,
      0.2082827043999702
    ],
    [
      0.007,
      636.56972,
      0.18514087840003343
    ],
    [
      0.008,
      636.6644,
      0.11262735999999963
    ],
    [
      0.009000000000000001,
      636.59018,
      0.16795243239997368
    ],
    [
      0.010000000000000002,
      636.73,
      0.07289999999999018
    ],
    [
      0.011,
      636.58206,
      0.1746738436000369
    ],
    [
      0.012,
      636.90956,
      0.008179393599989893
    ],
    [
      0.013000000000000001,
      636.74206,
      0.06653304359998055
    ],
    [
      0.014000000000000002,
      636.44526,
      0.30773646760004214
    ],
    [
      0.015,
      636.32555,
      0.45488280249997154
    ],
    [
      0.016,
      637.04032,
      0.0016257023999960893
    ],
    [
      0.017,
      636.806,
      0.037635999999984474
    ],
    [
      0.018000000000000002,
      637.19624,
      0.03851013759999563
    ],
    [
      0.019000000000000003,
      636.53439,
      0.21679267209997174
    ],
    [
      0.02,
      636.5782,
      0.17791523999996792
    ],
    [
      0.021,
      636.92168,
      0.006134022399994114
    ],
    [
      0.022000000000000002,
      636.40298,
      0.35643288040005155
    ],
    [
      0.023,
      637.25992,
      0.06755840639998208
    ],
    [
      0.024,
      637.40888,
      0.16718285439996217
    ],
    [
      0.025,
      636.74725,
      0.06388256249999587
    ],
    [
      0.026000000000000002,
      637.64608,
      0.41741936639997873
    ],
    [
      0.027000000000000003,
      637.0724,
      0.005241760000002317
    ],
    [
      0.028,
      636.32416,
      0.4567597055999916
    ],
    [
      0.029,
      637.51964,
      0.2700257295999805
    ],
    [
      0.030000000000000002,
      636.8681,
      0.017397609999992947
    ],
    [
      0.031,
      636.88409,
      0.013435128099996594
    ],
    [
      0.032,
      637.71056,
      0.5048955135999812
    ],
    [
      0.033,
      636.90722,
      0.008608128399990334
    ],
    [
      0.034,
      636.74752,
      0.06374615039999565
    ],
    [
      0.035,
      637.61265,
      0.37534002250003745
    ],
    [
      0.036000000000000004,
      637.46552,
      0.2167088703999716
    ],
    [
      0.037000000000000005,
      637.21669,
      0.04695455609998761
    ],
    [
      0.038,
      637.16614,
      0.027602499600013708
    ],
    [
      0.039,
      637.48592,
      0.2361182463999656
    ],
    [
      0.04,
      638.0216,
      1.0436665600000714
    ],
    [
      0.041,
      636.99487,
      2.6316900000085102e-05
    ],
    [
      0.042,
      637.76966,
      0.5923765156000684
    ],
    [
      0.043000000000000003,
      636.48323,
      0.2670512328999497
    ],
    [
      0.044000000000000004,
      637.86268,
      0.7442167823999221
    ],
    [
      0.045,
      636.851,
      0.022201000000000273
    ],
    [
      0.046,
      636.97932,
      0.0004276623999987707
    ],
    [
      0.047,
      637.09925,
      0.00985056249999675
    ],
    [
      0.048,
      637.66592,
      0.44344944640003764
    ],
    [
      0.049,
      637.76175,
      0.5802630625000097
    ],
    [
      0.05,
      637.3735,
      0.1395022500000265
    ]
  ]
}