{
  "timestamp": "20250728_233454",
  "ticker": "SPY",
  "best_weight": 0.012,
  "best_error": 0.00033415840000015695,
  "training_data": {
    "actual_price": 637.0,
    "starting_price": 636.5,
    "strikes_count": 15
  },
  "error_log": [
    [
      0.001,
      636.4992,
      0.2508006400000266
    ],
    [
      0.002,
      636.44712,
      0.30567629439995486
    ],
    [
      0.003,
      636.59957,
      0.1603441849000228
    ],
    [
      0.004,
      636.5752,
      0.180455040000004
    ],
    [
      0.005,
      636.52825,
      0.22254806250004033
    ],
    [
      0.006,
      636.3233,
      0.4579228899999764
    ],
    [
      0.007,
      636.46416,
      0.28712450560000796
    ],
    [
      0.008,
      636.61952,
      0.14476503040002597
    ],
    [
      0.009000000000000001,
      636.43637,
      0.3176787768999878
    ],
    [
      0.010000000000000002,
      636.768,
      0.053823999999986494
    ],
    [
      0.011,
      636.60384,
      0.1569427456000071
    ],
    [
      0.012,
      637.01828,
      0.00033415840000015695
    ],
    [
      0.013000000000000001,
      636.70488,
      0.08709581439999832
    ],
    [
      0.014000000000000002,
      636.69726,
      0.09165150759998279
    ],
    [
      0.015,
      636.6614,
      0.11464996000002858
    ],
    [
      0.016,
      637.03344,
      0.0011182336000027714
    ],
    [
      0.017,
      636.72984,
      0.07298642560001761
    ],
    [
      0.018000000000000002,
      636.13442,
      0.7492287364000393
    ],
    [
      0.019000000000000003,
      636.41127,
      0.3466030129000648
    ],
    [
      0.02,
      636.8102,
      0.036024039999996614
    ],
    [
      0.021,
      637.06742,
      0.004545456399995963
    ],
    [
      0.022000000000000002,
      636.43598,
      0.3181185604000313
    ],
    [
      0.023,
      636.56233,
      0.19155502890002235
    ],
    [
      0.024,
      636.97328,
      0.0007139583999975834
    ],
    [
      0.025,
      636.2465,
      0.5677622500000467
    ],
    [
      0.026000000000000002,
      636.24884,
      0.5642413456000408
    ],
    [
      0.027000000000000003,
      636.88259,
      0.01378510809998822
    ],
    [
      0.028,
      636.43812,
      0.3157091343999705
    ],
    [
      0.029,
      635.95886,
      1.083972499600086
    ],
    [
      0.030000000000000002,
      636.6002,
      0.15984004000002197
    ],
    [
      0.031,
      636.43366,
      0.3207409955999641
    ],
    [
      0.032,
      636.65744,
      0.1173473536000333
    ],
    [
      0.033,
      635.85716,
      1.3060832655999504
    ],
    [
      0.034,
      636.4847,
      0.2655340900000255
    ],
    [
      0.035,
      635.9253,
      1.1549800900000153
    ],
    [
      0.036000000000000004,
      637.0508,
      0.002580639999998078
    ],
    [
      0.037000000000000005,
      636.75937,
      0.05790279690000487
    ],
    [
      0.038,
      635.64728,
      1.8298513983999367
    ],
    [
      0.039,
      636.13847,
      0.7422339409000278
    ],
    [
      0.04,
      637.3008,
      0.09048063999998862
    ],
    [
      0.041,
      636.84686,
      0.023451859600002328
    ],
    [
      0.042,
      635.2022,
      3.232084840000187
    ],
    [
      0.043000000000000003,
      636.48452,
      0.26571963040002583
    ],
    [
      0.044000000000000004,
      637.06936,
      0.00481080959999453
    ],
    [
      0.045,
      636.8078,
      0.0369408399999835
    ],
    [
      0.046,
      637.22082,
      0.04876147240000148
    ],
    [
      0.047,
      635.58209,
      2.0104687681000177
    ],
    [
      0.048,
      637.84544,
      0.71476879360009
    ],
    [
      0.049,
      636.22217,
      0.6050195088999913
    ],
    [
      0.05,
      637.318,
      0.10112399999998958
    ]
  ]
}