{
  "timestamp": "20250729_095834",
  "ticker": "SPY",
  "best_weight": 0.025,
  "best_error": 0.006400000000006548,
  "training_data": {
    "actual_price": 637.0,
    "starting_price": 636.5,
    "strikes_count": 15
  },
  "error_log": [
    [
      0.001,
      636.48976,
      0.26034485759995246
    ],
    [
      0.002,
      636.46458,
      0.2866745764000478
    ],
    [
      0.003,
      636.49631,
      0.253703616100006
    ],
    [
      0.004,
      636.46612,
      0.2850278543999506
    ],
    [
      0.005,
      636.482,
      0.26832400000003015
    ],
    [
      0.006,
      636.68924,
      0.09657177759997469
    ],
    [
      0.007,
      636.32626,
      0.45392558759993595
    ],
    [
      0.008,
      636.34648,
      0.4270883903999447
    ],
    [
      0.009000000000000001,
      636.71222,
      0.08281732839999881
    ],
    [
      0.010000000000000002,
      636.3892,
      0.3730766400000491
    ],
    [
      0.011,
      636.2756,
      0.5247553599999217
    ],
    [
      0.012,
      636.61232,
      0.1502957824000355
    ],
    [
      0.013000000000000001,
      636.5923,
      0.1662192899999813
    ],
    [
      0.014000000000000002,
      636.77608,
      0.0501401664000094
    ],
    [
      0.015,
      636.52115,
      0.22929732249996726
    ],
    [
      0.016,
      636.34544,
      0.42844879359993027
    ],
    [
      0.017,
      636.73664,
      0.06935848960001803
    ],
    [
      0.018000000000000002,
      636.71402,
      0.08178456039999715
    ],
    [
      0.019000000000000003,
      636.76714,
      0.05422377959998121
    ],
    [
      0.02,
      636.4212,
      0.33500944000000127
    ],
    [
      0.021,
      635.80679,
      1.4237501041000522
    ],
    [
      0.022000000000000002,
      636.31146,
      0.4740873315999849
    ],
    [
      0.023,
      636.54324,
      0.20862969760002845
    ],
    [
      0.024,
      635.9288,
      1.147469439999949
    ],
    [
      0.025,
      636.92,
      0.006400000000006548
    ],
    [
      0.026000000000000002,
      636.6339,
      0.13402920999997098
    ],
    [
      0.027000000000000003,
      636.8888,
      0.012365440000011893
    ],
    [
      0.028,
      636.40872,
      0.34961203839998034
    ],
    [
      0.029,
      635.94813,
      1.106430496900017
    ],
    [
      0.030000000000000002,
      637.1009,
      0.010180810000004882
    ],
    [
      0.031,
      636.42839,
      0.3267379920999591
    ],
    [
      0.032,
      636.48112,
      0.26923645439996613
    ],
    [
      0.033,
      636.61352,
      0.14936679040000458
    ],
    [
      0.034,
      634.715,
      5.221224999999855
    ],
    [
      0.035,
      636.3306,
      0.44809635999999464
    ],
    [
      0.036000000000000004,
      637.60736,
      0.36888616959996534
    ],
    [
      0.037000000000000005,
      637.50677,
      0.2568158328999599
    ],
    [
      0.038,
      636.31494,
      0.4693072036000292
    ],
    [
      0.039,
      635.96531,
      1.070583396099907
    ],
    [
      0.04,
      636.1536,
      0.7163929600000286
    ],
    [
      0.041,
      637.08179,
      0.006689604099992704
    ],
    [
      0.042,
      636.3236,
      0.4575169599999245
    ],
    [
      0.043000000000000003,
      636.4785,
      0.271962249999944
    ],
    [
      0.044000000000000004,
      635.90644,
      1.1958734736000547
    ],
    [
      0.045,
      634.36925,
      6.9208455625001815
    ],
    [
      0.046,
      636.4885,
      0.26163224999995444
    ],
    [
      0.047,
      634.87004,
      4.5367296015999266
    ],
    [
      0.048,
      638.01008,
      1.020261606400033
    ],
    [
      0.049,
      635.25393,
      3.0487604449001102
    ],
    [
      0.05,
      636.085,
      0.8372249999999334
    ]
  ]
}