{
  "timestamp": "20250729_203603",
  "ticker": "SPY",
  "best_weight": 0.017,
  "best_error": 0.0010086975999976453,
  "training_data": {
    "actual_price": 637.0,
    "starting_price": 636.5,
    "strikes_count": 15
  },
  "error_log": [
    [
      0.001,
      636.50751,
      0.2425464000999756
    ],
    [
      0.002,
      636.53448,
      0.2167088703999716
    ],
    [
      0.003,
      636.55307,
      0.19974642489995717
    ],
    [
      0.004,
      636.56592,
      0.1884254463999952
    ],
    [
      0.005,
      636.5827,
      0.1741392899999622
    ],
    [
      0.006,
      636.7265,
      0.07480225000000697
    ],
    [
      0.007,
      636.59401,
      0.16482788009997915
    ],
    [
      0.008,
      636.55936,
      0.19416360960002674
    ],
    [
      0.009000000000000001,
      636.54599,
      0.20612508010003572
    ],
    [
      0.010000000000000002,
      636.6544,
      0.11943935999999333
    ],
    [
      0.011,
      636.87708,
      0.015109326400005384
    ],
    [
      0.012,
      636.57548,
      0.18021723040002507
    ],
    [
      0.013000000000000001,
      636.55382,
      0.1990765924000238
    ],
    [
      0.014000000000000002,
      636.61732,
      0.1464439824000385
    ],
    [
      0.015,
      636.8609,
      0.0193488099999958
    ],
    [
      0.016,
      636.8536,
      0.02143295999999164
    ],
    [
      0.017,
      637.03176,
      0.0010086975999976453
    ],
    [
      0.018000000000000002,
      636.79214,
      0.04320577959999268
    ],
    [
      0.019000000000000003,
      636.96569,
      0.0011771761000003394
    ],
    [
      0.02,
      637.0906,
      0.008208359999999077
    ],
    [
      0.021,
      636.79127,
      0.043568212899977414
    ],
    [
      0.022000000000000002,
      636.83528,
      0.02713267839999619
    ],
    [
      0.023,
      636.34751,
      0.4257432000999261
    ],
    [
      0.024,
      637.06496,
      0.00421980160000544
    ],
    [
      0.025,
      637.1295,
      0.016770250000001884
    ],
    [
      0.026000000000000002,
      636.72984,
      0.07298642560001761
    ],
    [
      0.027000000000000003,
      636.39632,
      0.36442954240006514
    ],
    [
      0.028,
      637.4366,
      0.19061955999999872
    ],
    [
      0.029,
      637.60722,
      0.3687161283999804
    ],
    [
      0.030000000000000002,
      637.0643,
      0.004134490000000374
    ],
    [
      0.031,
      636.65965,
      0.11583812249996187
    ],
    [
      0.032,
      637.61392,
      0.37689776640000905
    ],
    [
      0.033,
      636.698,
      0.09120400000001264
    ],
    [
      0.034,
      637.11404,
      0.013005121600010364
    ],
    [
      0.035,
      636.89655,
      0.010701902499990177
    ],
    [
      0.036000000000000004,
      637.91984,
      0.8461056256000404
    ],
    [
      0.037000000000000005,
      637.50529,
      0.25531798409994483
    ],
    [
      0.038,
      637.1992,
      0.03968064000000754
    ],
    [
      0.039,
      637.631,
      0.3981609999999644
    ],
    [
      0.04,
      636.904,
      0.0092160000000007
    ],
    [
      0.041,
      637.48769,
      0.2378415361000422
    ],
    [
      0.042,
      637.43744,
      0.19135375360003307
    ],
    [
      0.043000000000000003,
      636.38562,
      0.3774627843999789
    ],
    [
      0.044000000000000004,
      637.78216,
      0.6117742655999627
    ],
    [
      0.045,
      637.13045,
      0.017017202499999003
    ],
    [
      0.046,
      638.02582,
      1.0523066723999042
    ],
    [
      0.047,
      637.65479,
      0.42874994410006306
    ],
    [
      0.048,
      637.49792,
      0.24792432640002182
    ],
    [
      0.049,
      637.0664400000001,
      0.004414273600007561
    ],
    [
      0.05,
      636.772,
      0.05198399999997802
    ]
  ]
}